zip_code,city,latitude,longetude,population,People / Sq. Mile,National Rank,number,State
10162,New York,40.769298,-73.949942,1726,151834.77,#1,1, New York
10028,New York,40.776865,-73.954721,44987,126067.69,#2,2, New York
10128,New York,40.781656,-73.950281,59856,122356.52,#3,3, New York
8625,Trenton,40.207185,-74.756664,1834,115477.17,#4,4, New Jersey
10031,New York,40.825857,-73.949451,60221,101100.03,#5,5, New York
10009,New York,40.726622,-73.978955,58595,100687.04,#6,6, New York
10032,New York,40.839194,-73.942591,63842,97879.45,#7,7, New York
11372,Jackson Heights,40.751706,-73.883561,71308,97325.47,#8,8, New York
10016,New York,40.744983,-73.978262,51217,93367.31,#9,9, New York
10003,New York,40.731856,-73.989145,53673,93255.87,#10,10, New York
10002,New York,40.715952,-73.98587,84870,91610.4,#11,11, New York
10026,New York,40.80232,-73.952943,30377,91152.04,#12,12, New York
10023,New York,40.775394,-73.982197,62206,90007.7,#13,13, New York
10025,New York,40.797958,-73.964917,97086,88306.24,#14,14, New York
10453,Bronx,40.852779,-73.912332,76775,87970.27,#15,15, New York
10030,New York,40.818492,-73.943283,25847,85824.24,#16,16, New York
10021,New York,40.769742,-73.961653,102078,82704.42,#17,17, New York
11226,Brooklyn,40.64643,-73.956866,106154,81064.34,#18,18, New York
10029,New York,40.792245,-73.94523,75390,80506.67,#19,19, New York
10012,New York,40.725639,-73.99809,26000,80124.51,#20,20, New York
10033,New York,40.849124,-73.935956,58259,78867.63,#21,21, New York
10040,New York,40.858134,-73.929031,46599,75283.14,#22,22, New York
11104,Sunnyside,40.744515,-73.920457,29506,74459.01,#23,23, New York
10452,Bronx,40.837763,-73.923314,72138,74380.42,#24,24, New York
10011,New York,40.741844,-74.000711,46669,71113.64,#25,25, New York
10039,New York,40.826296,-73.937053,21737,70988.68,#26,26, New York
10456,Bronx,40.830877,-73.907954,76656,70924.4,#27,27, New York
10010,New York,40.739122,-73.982363,26408,70827.7,#28,28, New York
10468,Bronx,40.868093,-73.89973,78309,70721.85,#29,29, New York
10022,New York,40.758615,-73.967752,30642,68953.71,#30,30, New York
10037,New York,40.813159,-73.937352,16984,65200.97,#31,31, New York
10458,Bronx,40.862831,-73.886395,77840,62296.26,#32,32, New York
11103,Astoria,40.762634,-73.913156,44321,62111.19,#33,33, New York
11213,Brooklyn,40.671034,-73.936357,65440,61712.16,#34,34, New York
2113,Boston,42.36517,-71.055363,6401,60728.26,#35,35, Massachusetts
11373,Elmhurst,40.737347,-73.878716,105723,60548.99,#36,36, New York
10457,Bronx,40.846687,-73.898374,69048,58547.95,#37,37, New York
10024,New York,40.786307,-73.970694,61414,58433.71,#38,38, New York
10014,New York,40.733471,-74.007098,32667,57977.33,#39,39, New York
11216,Brooklyn,40.680854,-73.949144,55775,57545.77,#40,40, New York
11219,Brooklyn,40.632769,-73.996642,85987,57544.5,#41,41, New York
10472,Bronx,40.82965,-73.869368,64867,57252.59,#42,42, New York
11212,Brooklyn,40.662907,-73.912969,85161,55655.62,#43,43, New York
11221,Brooklyn,40.69131,-73.927772,76363,55063.29,#44,44, New York
10038,New York,40.709336,-74.002943,15574,55019.61,#45,45, New York
10027,New York,40.811407,-73.953564,56168,55006.21,#46,46, New York
11220,Brooklyn,40.641307,-74.016251,92718,54760.03,#47,47, New York
94108,San Francisco,37.791998,-122.408653,13716,53134.47,#48,48, California
11218,Brooklyn,40.643783,-73.975954,74611,51580.19,#49,49, New York
98174,Seattle,47.604569,-122.335359,180,50978.44,#50,50, Washington
10455,Bronx,40.814678,-73.908333,37465,50333.01,#51,51, New York
11106,Astoria,40.762211,-73.931528,43130,49707.26,#52,52, New York
10017,New York,40.752292,-73.972393,16201,49391.49,#53,53, New York
90057,Los Angeles,34.061918,-118.277939,43986,49226.28,#54,54, California
10462,Bronx,40.842823,-73.858861,72077,48907.02,#55,55, New York
11206,Brooklyn,40.702037,-73.942444,69032,48593.28,#56,56, New York
11237,Brooklyn,40.70416,-73.921139,48910,48552.49,#57,57, New York
11374,Rego Park,40.726219,-73.861264,44189,48499.11,#58,58, New York
10019,New York,40.766331,-73.985013,36012,48230.17,#59,59, New York
11230,Brooklyn,40.622104,-73.965118,88933,48088.05,#60,60, New York
7093,West New York,40.788031,-74.011606,56559,47972.38,#61,61, New Jersey
10034,New York,40.869208,-73.921929,41756,47051.23,#62,62, New York
11204,Brooklyn,40.618675,-73.984893,74880,46953.11,#63,63, New York
94109,San Francisco,37.794487,-122.42227,56322,46521.46,#64,64, California
10459,Bronx,40.825558,-73.893156,39080,46368.65,#65,65, New York
11217,Brooklyn,40.682306,-73.978099,35353,46140.97,#66,66, New York
11233,Brooklyn,40.678089,-73.919867,61955,46112.06,#67,67, New York
10013,New York,40.720067,-74.004829,25042,45458.99,#68,68, New York
11211,Brooklyn,40.713507,-73.952578,85089,44840.17,#69,69, New York
11225,Brooklyn,40.662236,-73.958951,63774,44803.32,#70,70, New York
94102,San Francisco,37.7795,-122.419233,28991,44719.24,#71,71, California
11102,Astoria,40.772884,-73.926295,36291,44416.74,#72,72, New York
10280,New York,40.708501,-74.016828,6614,44080.87,#73,73, New York
11419,South Richmond Hill,40.688685,-73.822882,48867,43351.49,#74,74, New York
11238,Brooklyn,40.678424,-73.963874,48965,42063.29,#75,75, New York
11355,Flushing,40.750123,-73.820977,83281,40980.07,#76,76, New York
94133,San Francisco,37.802071,-122.411004,26827,40117.97,#77,77, California
10044,New York,40.76205,-73.949933,9520,39391.64,#78,78, New York
10451,Bronx,40.822092,-73.922612,40961,39106.39,#79,79, New York
11368,Corona,40.749407,-73.85278,98841,38864.33,#80,80, New York
11210,Brooklyn,40.628049,-73.946278,62308,38833.14,#81,81, New York
11203,Brooklyn,40.649411,-73.934397,84498,38695.54,#82,82, New York
10463,Bronx,40.880678,-73.90654,65576,38449.34,#83,83, New York
90020,Los Angeles,34.066367,-118.309868,42383,38325.38,#84,84, California
11214,Brooklyn,40.598668,-73.996212,83546,38227.99,#85,85, New York
7087,Union City,40.767853,-74.028069,80589,37931.73,#86,86, New Jersey
90005,Los Angeles,34.059281,-118.30742,43014,37531.55,#87,87, California
11223,Brooklyn,40.597427,-73.973039,77691,37104.95,#88,88, New York
11229,Brooklyn,40.601293,-73.944493,80554,36919.61,#89,89, New York
10036,New York,40.759614,-73.991148,18751,36429.01,#90,90, New York
95502,Eureka,40.814596,-124.08041,170,35496.45,#91,91, California
11415,Kew Gardens,40.708229,-73.827867,20956,35355.55,#92,92, New York
93216,Delano,35.772237,-119.26962,4412,35347.59,#93,93, California
11435,Jamaica,40.701408,-73.809817,53877,35207.72,#94,94, New York
11224,Brooklyn,40.577257,-73.989762,51205,35066.79,#95,95, New York
11416,Ozone Park,40.684614,-73.849509,23668,34977.35,#96,96, New York
11377,Woodside,40.744813,-73.905122,88339,34536.25,#97,97, New York
60626,Chicago,42.00934,-87.669902,59251,34520.21,#98,98, Illinois
60660,Chicago,41.990561,-87.664706,47726,34193.05,#99,99, Illinois
20009,Washington,38.919144,-77.037381,46561,33927.58,#100,100, District Of Columbia
10454,Bronx,40.805528,-73.916632,"34,976","33,618.50",#101,101, New York
10466,Bronx,40.891039,-73.847226,"68,787","33,497.36",#102,102, New York
10467,Bronx,40.87742,-73.872597,"94,342","33,219.75",#103,103, New York
11201,Brooklyn,40.693682,-73.989693,"47,746","33,114.98",#104,104, New York
10460,Bronx,40.842724,-73.879745,"53,707","33,064.79",#105,105, New York
11369,East Elmhurst,40.763513,-73.871961,"36,110","32,616.57",#106,106, New York
90006,Los Angeles,34.048013,-118.293953,"62,765","32,438.11",#107,107, California
77046,Houston,29.733084,-95.430659,471,"32,343.09",#108,108, Texas
60640,Chicago,41.972347,-87.663982,"74,030","32,103.29",#109,109, Illinois
11207,Brooklyn,40.670361,-73.893848,"86,551","31,820.27",#110,110, New York
94110,San Francisco,37.750021,-122.415201,"74,633","31,343.73",#111,111, California
60657,Chicago,41.938964,-87.656811,"66,789","31,204.02",#112,112, Illinois
11209,Brooklyn,40.622352,-74.030431,"69,840","31,098.42",#113,113, New York
11421,Woodhaven,40.693633,-73.858513,"37,664","30,881.52",#114,114, New York
11235,Brooklyn,40.583552,-73.9479,"77,451","30,866.46",#115,115, New York
2115,Boston,42.337545,-71.106173,"25,486","30,823.24",#116,116, Massachusetts
90029,Los Angeles,34.089953,-118.294824,"41,697","30,784.98",#117,117, California
11370,East Elmhurst,40.76537,-73.893132,"43,142","30,152.15",#118,118, New York
60610,Chicago,41.900034,-87.636967,"47,513","30,110.68",#119,119, Illinois
7030,Hoboken,40.745122,-74.032085,"38,577","30,086.62",#120,120, New Jersey
94115,San Francisco,37.786031,-122.437301,"33,115","29,461.94",#121,121, California
19103,Philadelphia,39.952795,-75.173949,"19,714","29,353.79",#122,122, Pennsylvania
90017,Los Angeles,34.052842,-118.264495,"20,689","27,934.61",#123,123, California
913,San Juan,18.450154,-66.043647,"10,950","27,868.51",#124,124, Puerto Rico
94117,San Francisco,37.770533,-122.445121,"38,738","27,861.23",#125,125, California
24142,Radford,37.137882,-80.550906,"2,755","27,727.47",#126,126, Virginia
11215,Brooklyn,40.662688,-73.98674,"63,001","27,309.38",#127,127, New York
11236,Brooklyn,40.639761,-73.90064,"96,301","27,271.95",#128,128, New York
11228,Brooklyn,40.616863,-74.013196,"41,172","27,177.25",#129,129, New York
10475,Bronx,40.875266,-73.826037,"38,086","27,132.60",#130,130, New York
11205,Brooklyn,40.696771,-73.967061,"35,622","26,893.82",#131,131, New York
11375,Forest Hills,40.722975,-73.843179,"70,204","26,784.05",#132,132, New York
915,San Juan,18.43732,-66.047551,"36,147","26,489.40",#133,133, Puerto Rico
11385,Ridgewood,40.700671,-73.889433,"97,524","26,384.56",#134,134, New York
2116,Boston,42.349991,-71.07608,"19,682","26,352.26",#135,135, Massachusetts
10473,Bronx,40.817685,-73.858576,"56,166","26,210.61",#136,136, New York
10001,New York,40.750722,-73.997276,"17,310","26,111.88",#137,137, New York
11432,Jamaica,40.71522,-73.793188,"57,045","26,065.18",#138,138, New York
11417,Ozone Park,40.676342,-73.844595,"28,607","25,964.14",#139,139, New York
11105,Astoria,40.778997,-73.906847,"42,117","25,956.30",#140,140, New York
60613,Chicago,41.958302,-87.660698,"50,548","25,857.54",#141,141, Illinois
96826,Honolulu,21.292214,-157.82618,"31,187","25,649.59",#142,142, Hawaii
60647,Chicago,41.921117,-87.701899,"98,769","25,372.11",#143,143, Illinois
11428,Queens Village,40.72105,-73.742212,"21,023","25,192.34",#144,144, New York
2215,Boston,42.347053,-71.101985,"21,963","25,125.73",#145,145, Massachusetts
11208,Brooklyn,40.669598,-73.87127,"87,165","24,992.88",#146,146, New York
11354,Flushing,40.768208,-73.827403,"54,329","24,948.16",#147,147, New York
906,San Juan,18.464628,-66.101015,470,"24,919.02",#148,148, Puerto Rico
19139,Philadelphia,39.961529,-75.230259,"43,866","24,062.66",#149,149, Pennsylvania
10469,Bronx,40.867849,-73.84514,"63,345","24,026.94",#150,150, New York
912,San Juan,18.445621,-66.060692,"7,909","24,013.50",#151,151, Puerto Rico
7106,Newark,40.741799,-74.230425,"33,970","24,004.21",#152,152, New Jersey
7010,Cliffside Park,40.82204,-73.98785,"23,007","23,836.76",#153,153, New Jersey
10035,New York,40.795487,-73.929501,"32,702","23,818.08",#154,154, New York
7522,Paterson,40.924959,-74.179096,"21,677","23,768.90",#155,155, New Jersey
60625,Chicago,41.973081,-87.699751,"91,351","23,681.91",#156,156, Illinois
47876,Saint Mary Of The Woods,39.505295,-87.461502,427,"23,662.72",#157,157, Indiana
76798,Waco,31.547131,-97.120333,"3,123","23,606.98",#158,158, Texas
90011,Los Angeles,34.00709,-118.258681,"101,214","23,239.51",#159,159, California
20005,Washington,38.904575,-77.031552,"10,610","23,214.30",#160,160, District Of Columbia
2144,Somerville,42.399655,-71.12255,"25,058","23,099.70",#161,161, Massachusetts
11231,Brooklyn,40.677916,-74.005154,"32,974","22,776.82",#162,162, New York
19107,Philadelphia,39.951623,-75.158637,"12,340","22,723.74",#163,163, Pennsylvania
11418,Richmond Hill,40.700101,-73.835908,"36,571","22,694.55",#164,164, New York
94123,San Francisco,37.800254,-122.436975,"22,903","22,681.01",#165,165, California
91205,Glendale,34.13658,-118.245839,"41,381","22,571.62",#166,166, California
94114,San Francisco,37.758085,-122.434801,"30,574","22,377.49",#167,167, California
19102,Philadelphia,39.953423,-75.165384,"4,396","22,186.08",#168,168, Pennsylvania
10282,New York,40.717017,-74.015566,"1,574","22,144.94",#169,169, New York
90004,Los Angeles,34.076259,-118.310715,"67,850","22,118.18",#170,170, California
94112,San Francisco,37.720498,-122.443119,"73,104","22,097.56",#171,171, California
94118,San Francisco,37.781304,-122.461522,"38,939","22,073.36",#172,172, California
7304,Jersey City,40.717234,-74.074096,"42,323","22,060.92",#173,173, New Jersey
2446,Brookline,42.343503,-71.122248,"29,555","22,035.60",#174,174, Massachusetts
19146,Philadelphia,39.939069,-75.182585,"35,783","22,007.33",#175,175, Pennsylvania
90270,Maywood,33.988572,-118.186565,"28,083","21,929.09",#176,176, California
7505,Paterson,40.916204,-74.171459,"4,531","21,825.76",#177,177, New Jersey
10461,Bronx,40.847409,-73.841403,"49,808","21,734.34",#178,178, New York
11222,Brooklyn,40.728367,-73.945427,"39,360","21,724.29",#179,179, New York
7107,Newark,40.760696,-74.187812,"35,997","21,633.59",#180,180, New Jersey
2139,Cambridge,42.362288,-71.103791,"34,682","21,628.72",#181,181, Massachusetts
11436,Jamaica,40.675266,-73.79657,"18,148","21,578.65",#182,182, New York
19143,Philadelphia,39.942892,-75.22546,"71,169","21,569.56",#183,183, Pennsylvania
11420,South Ozone Park,40.673525,-73.817771,"45,498","21,430.46",#184,184, New York
10006,New York,40.70797,-74.01361,"1,447","21,409.87",#185,185, New York
19147,Philadelphia,39.936633,-75.153153,"32,680","21,391.35",#186,186, Pennsylvania
911,San Juan,18.451156,-66.057409,"9,293","21,375.68",#187,187, Puerto Rico
90255,Huntington Park,33.97803,-118.217141,"78,104","21,190.01",#188,188, California
7055,Passaic,40.856413,-74.12694,"67,869","21,153.61",#189,189, New Jersey
29688,Tigerville,35.069047,-82.37152,699,"21,110.09",#190,190, South Carolina
19120,Philadelphia,40.034147,-75.119198,"68,831","21,110.03",#191,191, Pennsylvania
19133,Philadelphia,39.993092,-75.141671,"27,971","21,079.29",#192,192, Pennsylvania
90038,Los Angeles,34.088017,-118.327168,"32,557","20,988.58",#193,193, California
11232,Brooklyn,40.655827,-74.006829,"27,723","20,953.79",#194,194, New York
7513,Paterson,40.905381,-74.148205,"12,807","20,947.95",#195,195, New Jersey
2118,Boston,42.337863,-71.070816,"22,173","20,902.06",#196,196, Massachusetts
60614,Chicago,41.922667,-87.652537,"65,474","20,838.01",#197,197, Illinois
11429,Queens Village,40.709681,-73.738399,"27,647","20,794.49",#198,198, New York
2109,Boston,42.362653,-71.053804,"3,428","20,752.98",#199,199, Massachusetts
7111,Irvington,40.72386,-74.232517,"60,727","20,744.96",#200,200, New Jersey
60651,Chicago,41.902029,-87.740432,"77,583","20,738.60",#201,201, Illinois
7302,Jersey City,40.720262,-74.046496,"31,769","20,648.55",#202,202, New Jersey
11367,Flushing,40.730621,-73.82286,"38,216","20,384.04",#203,203, New York
10069,New York,40.775551,-73.989689,"1,403","20,318.57",#204,204, New York
90028,Los Angeles,34.099869,-118.326843,"30,562","20,273.82",#205,205, California
90037,Los Angeles,34.002642,-118.287596,"56,691","20,247.91",#206,206, California
7306,Jersey City,40.734932,-74.070495,"54,912","20,162.65",#207,207, New Jersey
19132,Philadelphia,39.996457,-75.170586,"41,709","20,029.98",#208,208, Pennsylvania
2114,Boston,42.363175,-71.068646,"10,868","19,975.48",#209,209, Massachusetts
19141,Philadelphia,40.037904,-75.145392,"34,984","19,908.17",#210,210, Pennsylvania
11239,Brooklyn,40.644728,-73.879186,"14,620","19,900.74",#211,211, New York
19149,Philadelphia,40.037448,-75.065561,"48,483","19,881.93",#212,212, Pennsylvania
60659,Chicago,41.991923,-87.704608,"39,155","19,859.02",#213,213, Illinois
60639,Chicago,41.920639,-87.755793,"92,951","19,854.06",#214,214, Illinois
7104,Newark,40.76791,-74.16838,"51,358","19,841.54",#215,215, New Jersey
19138,Philadelphia,40.056028,-75.159179,"34,477","19,815.87",#216,216, Pennsylvania
11434,Jamaica,40.676808,-73.776425,"59,142","19,683.46",#217,217, New York
11412,Saint Albans,40.696878,-73.76026,"37,452","19,681.64",#218,218, New York
11358,Flushing,40.760467,-73.796418,"38,647","19,661.60",#219,219, New York
60618,Chicago,41.946755,-87.702861,"98,147","19,640.92",#220,220, Illinois
21231,Baltimore,39.288436,-76.591792,"15,734","19,623.94",#221,221, Maryland
2121,Boston,42.307434,-71.083022,"25,057","19,592.25",#222,222, Massachusetts
11423,Hollis,40.717252,-73.768879,"31,240","19,366.77",#223,223, New York
7018,East Orange,40.755613,-74.218781,"30,433","19,344.27",#224,224, New Jersey
33130,Miami,25.768524,-80.203359,"20,541","19,317.47",#225,225, Florida
2141,Cambridge,42.3703,-71.08256,"12,041","19,289.40",#226,226, Massachusetts
99513,Anchorage,61.214772,-149.885658,268,"19,250.00",#227,227, Alaska
10007,New York,40.713973,-74.008336,"3,522","19,229.09",#228,228, New York
60623,Chicago,41.847079,-87.719446,"108,144","19,007.22",#229,229, Illinois
10550,Mount Vernon,40.905448,-73.835253,"38,284","18,973.40",#230,230, New York
60615,Chicago,41.801502,-87.603332,"45,096","18,936.31",#231,231, Illinois
90034,Los Angeles,34.030578,-118.399613,"58,199","18,932.59",#232,232, California
20010,Washington,38.933793,-77.025101,"28,772","18,878.12",#233,233, District Of Columbia
21217,Baltimore,39.307055,-76.638878,"41,636","18,842.54",#234,234, Maryland
10470,Bronx,40.900965,-73.863998,"15,780","18,653.90",#235,235, New York
60645,Chicago,42.008406,-87.695793,"44,197","18,576.05",#236,236, Illinois
19140,Philadelphia,40.011789,-75.145282,"57,125","18,559.99",#237,237, Pennsylvania
94606,Oakland,37.792489,-122.244314,"41,872","18,418.89",#238,238, California
11366,Fresh Meadows,40.727929,-73.793074,"13,366","18,341.01",#239,239, New York
90804,Long Beach,33.783047,-118.1486,"43,466","18,220.11",#240,240, California
60641,Chicago,41.946466,-87.746971,"73,824","18,163.14",#241,241, Illinois
11433,Jamaica,40.698135,-73.787009,"28,435","18,129.86",#242,242, New York
7208,Elizabeth,40.67383,-74.226408,"32,359","18,120.36",#243,243, New Jersey
2120,Boston,42.332424,-71.09575,"10,842","18,116.78",#244,244, Massachusetts
19130,Philadelphia,39.967905,-75.174735,"22,874","18,095.08",#245,245, Pennsylvania
2145,Somerville,42.391577,-71.08991,"26,887","18,021.98",#246,246, Massachusetts
92701,Santa Ana,33.748478,-117.858918,"58,151","17,983.75",#247,247, California
7108,Newark,40.722981,-74.200251,"25,001","17,967.79",#248,248, New Jersey
1902,Lynn,42.47018,-70.940915,"47,601","17,938.82",#249,249, Massachusetts
98121,Seattle,47.614743,-122.345855,"8,558","17,894.56",#250,250, Washington
60649,Chicago,41.763484,-87.570411,"54,823","17,870.96",#251,251, Illinois
7112,Newark,40.710735,-74.211412,"26,986","17,845.95",#252,252, New Jersey
60611,Chicago,41.893024,-87.618998,"26,522","17,783.87",#253,253, Illinois
11411,Cambria Heights,40.694307,-73.735948,"21,282","17,687.64",#254,254, New York
91402,Panorama City,34.223768,-118.445461,"66,241","17,665.20",#255,255, California
90026,Los Angeles,34.078991,-118.263804,"73,671","17,622.89",#256,256, California
7501,Paterson,40.911998,-74.170965,"32,998","17,600.87",#257,257, New Jersey
60622,Chicago,41.901894,-87.67263,"76,015","17,489.00",#258,258, Illinois
917,San Juan,18.4205,-66.050674,"26,131","17,476.05",#259,259, Puerto Rico
27109,Winston Salem,36.132547,-80.277512,"1,640","17,437.56",#260,260, North Carolina
94122,San Francisco,37.760412,-122.484966,"55,492","17,435.71",#261,261, California
2199,Boston,42.347465,-71.082058,"1,005","17,390.25",#262,262, Massachusetts
11365,Fresh Meadows,40.738856,-73.792528,"41,566","17,380.05",#263,263, New York
90201,Bell,33.970343,-118.171368,"105,275","17,170.40",#264,264, California
90019,Los Angeles,34.049841,-118.33846,"67,510","17,161.56",#265,265, California
19134,Philadelphia,39.992219,-75.107863,"57,922","17,157.59",#266,266, Pennsylvania
98104,Seattle,47.601701,-122.32767,"13,095","17,156.75",#267,267, Washington
94103,San Francisco,37.773147,-122.411287,"23,016","17,140.46",#268,268, California
19142,Philadelphia,39.921746,-75.233277,"29,063","17,126.80",#269,269, Pennsylvania
92703,Santa Ana,33.748635,-117.906125,"70,003","17,117.58",#270,270, California
60601,Chicago,41.885805,-87.622911,"5,591","17,101.15",#271,271, Illinois
10705,Yonkers,40.919705,-73.889928,"38,115","17,061.90",#272,272, New York
90813,Long Beach,33.781086,-118.199049,"63,129","17,010.88",#273,273, California
7307,Jersey City,40.75489,-74.06075,"46,093","16,961.08",#274,274, New Jersey
19150,Philadelphia,40.072482,-75.171735,"25,274","16,935.20",#275,275, Pennsylvania
90044,Los Angeles,33.952714,-118.292061,"87,366","16,900.90",#276,276, California
7017,East Orange,40.77141,-74.207171,"39,466","16,833.27",#277,277, New Jersey
19104,Philadelphia,39.960323,-75.197883,"50,125","16,806.34",#278,278, Pennsylvania
94134,San Francisco,37.721052,-122.413573,"40,134","16,769.18",#279,279, California
7502,Paterson,40.918677,-74.194818,"13,719","16,752.35",#280,280, New Jersey
60644,Chicago,41.880614,-87.756903,"59,059","16,705.95",#281,281, Illinois
33135,Miami,25.766592,-80.235064,"35,712","16,693.25",#282,282, Florida
94116,San Francisco,37.74441,-122.486764,"42,958","16,629.92",#283,283, California
20037,Washington,38.900222,-77.053925,"12,642","16,614.95",#284,284, District Of Columbia
98101,Seattle,47.610198,-122.334555,"9,010","16,603.32",#285,285, Washington
7514,Paterson,40.922096,-74.142524,"18,312","16,595.84",#286,286, New Jersey
923,San Juan,18.410804,-66.037358,"31,419","16,594.42",#287,287, Puerto Rico
90304,Inglewood,33.936827,-118.359824,"28,679","16,582.35",#288,288, California
53706,Madison,43.075823,-89.409403,"5,293","16,577.11",#289,289, Wisconsin
80203,Denver,39.731576,-104.982719,"17,357","16,540.27",#290,290, Colorado
19125,Philadelphia,39.977245,-75.125222,"23,646","16,449.92",#291,291, Pennsylvania
90003,Los Angeles,33.964131,-118.272783,"58,187","16,427.87",#292,292, California
90007,Los Angeles,34.027337,-118.28515,"45,021","16,330.21",#293,293, California
90302,Inglewood,33.975332,-118.355252,"30,770","16,288.90",#294,294, California
90403,Santa Monica,34.031529,-118.491156,"23,556","16,268.77",#295,295, California
90018,Los Angeles,34.028735,-118.317236,"47,127","16,244.50",#296,296, California
2143,Somerville,42.381572,-71.096995,"25,095","16,218.68",#297,297, Massachusetts
97205,Portland,45.520414,-122.6888,"6,212","16,147.54",#298,298, Oregon
2124,Boston,42.285922,-71.075046,"50,781","16,127.90",#299,299, Massachusetts
7524,Paterson,40.931711,-74.15687,"13,057","16,121.08",#300,300, New Jersey
91203,Glendale,34.153338,-118.262974,"14,479","15,981.57",#301,301, California
94601,Oakland,37.776523,-122.219268,"54,857","15,972.70",#302,302, California
2111,Boston,42.348784,-71.058988,"5,138","15,967.11",#303,303, Massachusetts
33128,Miami,25.776614,-80.204274,"7,002","15,922.30",#304,304, Florida
90033,Los Angeles,34.050198,-118.210946,"49,418","15,783.17",#305,305, California
2150,Chelsea,42.39669,-71.032723,"35,080","15,759.34",#306,306, Massachusetts
90063,Los Angeles,34.044271,-118.185237,"55,666","15,758.49",#307,307, California
77081,Houston,29.712099,-95.480935,"49,691","15,758.06",#308,308, Texas
33141,Miami Beach,25.856218,-80.135353,"36,545","15,747.69",#309,309, Florida
7022,Fairview,40.821054,-74.003061,"13,255","15,726.04",#310,310, New Jersey
90001,Los Angeles,33.973616,-118.24902,"54,481","15,658.19",#311,311, California
7504,Paterson,40.912224,-74.141613,"13,072","15,653.91",#312,312, New Jersey
60653,Chicago,41.819722,-87.611809,"34,502","15,629.38",#313,313, Illinois
55404,Minneapolis,44.962198,-93.262011,"27,282","15,590.01",#314,314, Minnesota
90716,Hawaiian Gardens,33.830431,-118.074071,"14,850","15,536.36",#315,315, California
11427,Queens Village,40.729722,-73.7498,"23,014","15,531.36",#316,316, New York
90022,Los Angeles,34.02381,-118.156582,"68,688","15,527.04",#317,317, California
60661,Chicago,41.882458,-87.643946,"4,382","15,455.28",#318,318, Illinois
19122,Philadelphia,39.977688,-75.145885,"19,589","15,449.92",#319,319, Pennsylvania
60301,Oak Park,41.888528,-87.797803,"2,158","15,443.60",#320,320, Illinois
94709,Berkeley,37.878554,-122.26609,"10,140","15,430.49",#321,321, California
22209,Arlington,38.893029,-77.073083,"11,622","15,417.93",#322,322, Virginia
55454,Minneapolis,44.969571,-93.244257,"6,772","15,314.48",#323,323, Minnesota
11379,Middle Village,40.715488,-73.87949,"28,984","15,242.36",#324,324, New York
60629,Chicago,41.77469,-87.714185,"113,984","15,212.28",#325,325, Illinois
11361,Bayside,40.76437,-73.771869,"29,206","15,180.72",#326,326, New York
2134,Allston,42.358786,-71.129581,"21,389","15,139.35",#327,327, Massachusetts
91405,Van Nuys,34.202494,-118.448048,"51,344","15,136.82",#328,328, California
90062,Los Angeles,34.003553,-118.308933,"29,279","15,122.67",#329,329, California
90301,Inglewood,33.956445,-118.358634,"37,507","15,090.52",#330,330, California
90025,Los Angeles,34.046174,-118.446333,"41,170","15,088.56",#331,331, California
11692,Arverne,40.593163,-73.793803,"15,893","15,061.65",#332,332, New York
10701,Yonkers,40.94525,-73.881145,"63,715","15,054.57",#333,333, New York
2863,Central Falls,41.890064,-71.393481,"18,946","14,995.15",#334,334, Rhode Island
92662,Newport Beach,33.606336,-117.893042,"3,120","14,964.12",#335,335, California
10553,Mount Vernon,40.908502,-73.821554,"10,102","14,898.05",#336,336, New York
7050,Orange,40.76804,-74.235692,"32,868","14,893.15",#337,337, New Jersey
2140,Cambridge,42.392157,-71.133996,"17,003","14,881.84",#338,338, Massachusetts
2119,Boston,42.323881,-71.085332,"23,823","14,856.36",#339,339, Massachusetts
94703,Berkeley,37.863843,-122.275684,"19,743","14,822.22",#340,340, California
19082,Upper Darby,39.960387,-75.270374,"38,348","14,810.02",#341,341, Pennsylvania
2135,Brighton,42.348417,-71.154339,"43,887","14,809.88",#342,342, Massachusetts
90002,Los Angeles,33.949255,-118.246978,"44,584","14,622.30",#343,343, California
98102,Seattle,47.634416,-122.321561,"19,424","14,594.02",#344,344, Washington
15232,Pittsburgh,40.452565,-79.932673,"11,792","14,587.48",#345,345, Pennsylvania
7103,Newark,40.73889,-74.195397,"31,455","14,563.63",#346,346, New Jersey
33139,Miami Beach,25.784585,-80.140417,"38,441","14,551.74",#347,347, Florida
91204,Glendale,34.136306,-118.26036,"16,997","14,540.43",#348,348, California
95116,San Jose,37.350284,-121.852855,"51,688","14,538.87",#349,349, California
18102,Allentown,40.607625,-75.47722,"42,418","14,491.25",#350,350, Pennsylvania
19121,Philadelphia,39.98198,-75.17912,"34,935","14,482.93",#351,351, Pennsylvania
925,San Juan,18.400468,-66.050494,"7,997","14,443.31",#352,352, Puerto Rico
94121,San Francisco,37.776718,-122.495781,"42,473","14,397.70",#353,353, California
11004,Glen Oaks,40.745809,-73.71124,"14,682","14,388.66",#354,354, New York
2122,Boston,42.295088,-71.052533,"24,548","14,350.84",#355,355, Massachusetts
53703,Madison,43.079575,-89.378389,"26,715","14,330.61",#356,356, Wisconsin
21202,Baltimore,39.296526,-76.607016,"23,572","14,327.41",#357,357, Maryland
7024,Fort Lee,40.850065,-73.973777,"35,461","14,307.14",#358,358, New Jersey
90303,Inglewood,33.936291,-118.332639,"27,773","14,300.43",#359,359, California
92707,Santa Ana,33.714829,-117.872941,"62,627","14,296.75",#360,360, California
90262,Lynwood,33.923573,-118.200669,"69,830","14,295.17",#361,361, California
10018,New York,40.754969,-73.992126,"4,255","14,250.83",#362,362, New York
1841,Lawrence,42.712015,-71.164873,"44,038","14,234.49",#363,363, Massachusetts
10308,Staten Island,40.551236,-74.150961,"26,451","14,230.06",#364,364, New York
90814,Long Beach,33.771612,-118.143866,"19,014","14,225.68",#365,365, California
94612,Oakland,37.809014,-122.269739,"11,700","14,189.23",#366,366, California
60608,Chicago,41.848647,-87.67232,"92,472","14,180.66",#367,367, Illinois
19135,Philadelphia,40.022732,-75.049612,"30,881","14,155.18",#368,368, Pennsylvania
11357,Whitestone,40.786415,-73.810924,"39,491","14,136.10",#369,369, New York
921,San Juan,18.391715,-66.086408,"45,433","14,134.02",#370,370, Puerto Rico
91501,Burbank,34.188339,-118.300942,"18,096","14,103.97",#371,371, California
60165,Stone Park,41.90319,-87.880264,"5,171","14,093.73",#372,372, Illinois
19126,Philadelphia,40.056119,-75.136564,"16,484","14,090.05",#373,373, Pennsylvania
44243,Kent,41.148084,-81.340933,"5,277","14,027.33",#374,374, Ohio
91601,North Hollywood,34.1692,-118.372498,"36,616","13,986.32",#375,375, California
11550,Hempstead,40.702731,-73.623226,"59,022","13,976.06",#376,376, New York
8629,Trenton,40.220723,-74.7311,"11,102","13,973.01",#377,377, New Jersey
96815,Honolulu,21.274685,-157.82113,"27,507","13,956.55",#378,378, Hawaii
60616,Chicago,41.844977,-87.629846,"47,073","13,948.12",#379,379, Illinois
10703,Yonkers,40.957236,-73.881126,"20,410","13,884.55",#380,380, New York
90042,Los Angeles,34.11572,-118.192754,"64,660","13,884.07",#381,381, California
10302,Staten Island,40.63082,-74.137841,"16,406","13,875.40",#382,382, New York
7650,Palisades Park,40.846603,-73.996336,"17,073","13,637.77",#383,383, New Jersey
90250,Hawthorne,33.914775,-118.348083,"93,314","13,634.12",#384,384, California
60636,Chicago,41.775708,-87.669011,"51,451","13,581.48",#385,385, Illinois
60624,Chicago,41.880048,-87.722352,"45,647","13,574.16",#386,386, Illinois
2126,Mattapan,42.274856,-71.092908,"27,815","13,523.15",#387,387, Massachusetts
33125,Miami,25.783473,-80.235879,"48,598","13,452.74",#388,388, Florida
90035,Los Angeles,34.051809,-118.383843,"27,792","13,410.93",#389,389, California
94964,San Quentin,37.942551,-122.491642,"6,439","13,373.91",#390,390, California
7026,Garfield,40.879797,-74.10825,"29,850","13,325.51",#391,391, New Jersey
11378,Maspeth,40.724744,-73.909639,"34,053","13,268.80",#392,392, New York
90036,Los Angeles,34.070291,-118.349191,"32,885","13,245.77",#393,393, California
90280,South Gate,33.944624,-118.192615,"96,260","13,234.07",#394,394, California
2127,Boston,42.336004,-71.038695,"29,456","13,233.61",#395,395, Massachusetts
11356,College Point,40.78481,-73.841165,"20,444","13,186.78",#396,396, New York
11691,Far Rockaway,40.600774,-73.757824,"56,184","13,164.72",#397,397, New York
19151,Philadelphia,39.97974,-75.256726,"31,255","13,140.12",#398,398, Pennsylvania
7206,Elizabeth,40.651594,-74.189279,"23,315","13,123.15",#399,399, New Jersey
94131,San Francisco,37.746699,-122.442833,"27,897","13,070.88",#400,400, California
60804,Cicero,41.842221,-87.758465,"86,133","13,070.16",#401,401, Illinois
11413,Springfield Gardens,40.669293,-73.750553,"39,827","13,046.46",#402,402, New York
60637,Chicago,41.780673,-87.6035,"57,090","13,045.69",#403,403, Illinois
90254,Hermosa Beach,33.86532,-118.396336,"18,682","13,041.04",#404,404, California
18101,Allentown,40.603231,-75.469505,"4,124","13,029.04",#405,405, Pennsylvania
53204,Milwaukee,43.018044,-87.926201,"42,382","13,028.28",#406,406, Wisconsin
90024,Los Angeles,34.066303,-118.435479,"44,141","13,019.77",#407,407, California
90016,Los Angeles,34.028331,-118.354338,"46,968","12,970.87",#408,408, California
15224,Pittsburgh,40.463898,-79.945097,"12,095","12,931.62",#409,409, Pennsylvania
20001,Washington,38.907887,-77.017298,"33,550","12,896.65",#410,410, District Of Columbia
60621,Chicago,41.776404,-87.640058,"47,514","12,891.83",#411,411, Illinois
91101,Pasadena,34.146635,-118.139225,"16,809","12,866.99",#412,412, California
10310,Staten Island,40.632516,-74.116461,"22,852","12,829.03",#413,413, New York
90013,Los Angeles,34.044639,-118.240413,"9,727","12,802.44",#414,414, California
91606,North Hollywood,34.187599,-118.387125,"45,348","12,793.58",#415,415, California
1718,Village Of Nagog Woods,42.520314,-71.427867,420,"12,732.57",#416,416, Massachusetts
91801,Alhambra,34.090925,-118.128164,"54,381","12,722.12",#417,417, California
11694,Rockaway Park,40.576906,-73.846381,"19,278","12,713.02",#418,418, New York
94702,Berkeley,37.866009,-122.286228,"15,629","12,649.22",#419,419, California
20712,Mount Rainier,38.943068,-76.96524,"9,067","12,626.91",#420,420, Maryland
19106,Philadelphia,39.950472,-75.147231,"8,359","12,566.59",#421,421, Pennsylvania
91732,El Monte,34.074492,-118.01462,"62,659","12,555.71",#422,422, California
7503,Paterson,40.897455,-74.154174,"19,064","12,549.68",#423,423, New Jersey
92105,San Diego,32.741859,-117.090353,"72,994","12,537.92",#424,424, California
6608,Bridgeport,41.187702,-73.181157,"13,407","12,530.02",#425,425, Connecticut
92104,San Diego,32.741499,-117.127409,"47,688","12,515.21",#426,426, California
60632,Chicago,41.810213,-87.711761,"87,577","12,507.78",#427,427, Illinois
14201,Buffalo,42.896227,-78.886477,"13,609","12,470.26",#428,428, New York
90212,Beverly Hills,34.062095,-118.401508,"11,347","12,465.92",#429,429, California
70116,New Orleans,29.967962,-90.064428,"16,688","12,451.72",#430,430, Louisiana
94610,Oakland,37.808731,-122.238708,"29,963","12,447.98",#431,431, California
94706,Albany,37.890274,-122.295192,"15,865","12,395.49",#432,432, California
90247,Gardena,33.890853,-118.297967,"47,741","12,395.40",#433,433, California
2108,Boston,42.357554,-71.063913,"3,446","12,377.16",#434,434, Massachusetts
90014,Los Angeles,34.043144,-118.251977,"3,518","12,375.13",#435,435, California
90805,Long Beach,33.864622,-118.179626,"91,663","12,363.82",#436,436, California
924,San Juan,18.397636,-66.014388,"62,362","12,360.24",#437,437, Puerto Rico
53206,Milwaukee,43.075167,-87.933692,"32,868","12,347.67",#438,438, Wisconsin
11364,Oakland Gardens,40.74562,-73.757537,"34,539","12,340.99",#439,439, New York
98122,Seattle,47.610445,-122.302983,"28,790","12,332.03",#440,440, Washington
21218,Baltimore,39.330107,-76.601451,"55,059","12,321.98",#441,441, Maryland
22204,Arlington,38.861073,-77.098881,"49,828","12,304.97",#442,442, Virginia
6901,Stamford,41.053558,-73.538219,"6,398","12,303.03",#443,443, Connecticut
11414,Howard Beach,40.658217,-73.84482,"28,121","12,292.73",#444,444, New York
983,Carolina,18.414757,-65.975487,"47,337","12,256.67",#445,445, Puerto Rico
92655,Midway City,33.744439,-117.98588,"8,657","12,242.28",#446,446, California
7029,Harrison,40.743664,-74.152959,"16,766","12,168.54",#447,447, New Jersey
95122,San Jose,37.32886,-121.834567,"59,822","12,165.82",#448,448, California
8611,Trenton,40.205509,-74.753197,"23,868","12,157.61",#449,449, New Jersey
90211,Beverly Hills,34.063947,-118.383001,"8,313","12,140.01",#450,450, California
15213,Pittsburgh,40.443175,-79.955405,"28,320","12,135.47",#451,451, Pennsylvania
8609,Trenton,40.224974,-74.742152,"15,166","12,135.41",#452,452, New Jersey
53210,Milwaukee,43.06891,-87.973688,"30,509","12,119.08",#453,453, Wisconsin
20036,Washington,38.906919,-77.041489,"3,808","12,092.21",#454,454, District Of Columbia
19144,Philadelphia,40.031929,-75.176099,"46,794","12,076.32",#455,455, Pennsylvania
11360,Bayside,40.782352,-73.780749,"19,350","12,040.46",#456,456, New York
90715,Lakewood,33.841027,-118.078097,"20,884","12,039.69",#457,457, California
11005,Floral Park,40.756578,-73.714178,"2,195","12,029.65",#458,458, New York
92704,Santa Ana,33.719869,-117.907063,"91,176","12,023.13",#459,459, California
90260,Lawndale,33.88856,-118.351813,"33,299","12,009.05",#460,460, California
60619,Chicago,41.743383,-87.605811,"74,963","11,991.80",#461,461, Illinois
21223,Baltimore,39.283947,-76.652871,"31,016","11,941.48",#462,462, Maryland
92804,Anaheim,33.818,-117.974404,"81,317","11,910.08",#463,463, California
19124,Philadelphia,40.017119,-75.092814,"63,131","11,899.99",#464,464, Pennsylvania
21213,Baltimore,39.314358,-76.576802,"38,442","11,898.45",#465,465, Maryland
94609,Oakland,37.834341,-122.26437,"21,093","11,877.42",#466,466, California
11003,Elmont,40.699176,-73.706166,"40,507","11,863.18",#467,467, New York
2909,Providence,41.820021,-71.454971,"40,951","11,844.76",#468,468, Rhode Island
90706,Bellflower,33.887676,-118.127289,"72,878","11,838.94",#469,469, California
20011,Washington,38.952514,-77.022991,"57,444","11,826.66",#470,470, District Of Columbia
2908,Providence,41.839825,-71.436794,"38,552","11,786.12",#471,471, Rhode Island
90723,Paramount,33.897122,-118.164432,"55,305","11,777.11",#472,472, California
90059,Los Angeles,33.927254,-118.249826,"38,123","11,701.86",#473,473, California
10005,New York,40.70539,-74.008988,884,"11,701.01",#474,474, New York
91411,Van Nuys,34.17847,-118.459472,"23,641","11,699.73",#475,475, California
14222,Buffalo,42.919236,-78.877343,"14,365","11,664.08",#476,476, New York
22203,Arlington,38.873624,-77.116801,"18,514","11,602.47",#477,477, Virginia
11426,Bellerose,40.736619,-73.72361,"18,727","11,552.09",#478,478, New York
10552,Mount Vernon,40.92446,-73.826115,"19,948","11,540.74",#479,479, New York
14213,Buffalo,42.918183,-78.892479,"26,080","11,537.77",#480,480, New York
7047,North Bergen,40.794175,-74.02496,"58,108","11,535.49",#481,481, New Jersey
91607,Valley Village,34.165783,-118.399795,"27,439","11,535.25",#482,482, California
94603,Oakland,37.739113,-122.175602,"31,389","11,528.22",#483,483, California
12210,Albany,42.657569,-73.75766,"9,492","11,492.07",#484,484, New York
60304,Oak Park,41.872502,-87.789298,"17,839","11,477.99",#485,485, Illinois
19148,Philadelphia,39.91313,-75.155421,"48,573","11,471.12",#486,486, Pennsylvania
7011,Clifton,40.879847,-74.145773,"36,979","11,464.13",#487,487, New Jersey
91401,Van Nuys,34.178483,-118.431791,"40,372","11,463.75",#488,488, California
96814,Honolulu,21.296008,-157.846648,"13,906","11,456.58",#489,489, Hawaii
60620,Chicago,41.740481,-87.653749,"85,771","11,439.03",#490,490, Illinois
14208,Buffalo,42.914225,-78.85115,"13,207","11,397.61",#491,491, New York
21201,Baltimore,39.294369,-76.62214,"15,097","11,393.42",#492,492, Maryland
909,San Juan,18.440945,-66.067285,"7,679","11,363.26",#493,493, Puerto Rico
2138,Cambridge,42.379637,-71.135152,"35,407","11,341.73",#494,494, Massachusetts
90048,Los Angeles,34.072945,-118.37267,"21,724","11,326.54",#495,495, California
2907,Providence,41.798593,-71.42463,"27,470","11,309.82",#496,496, Rhode Island
10465,Bronx,40.826285,-73.822762,"42,500","11,299.91",#497,497, New York
60707,Elmwood Park,41.921792,-87.807947,"42,621","11,251.70",#498,498, Illinois
90066,Los Angeles,34.002028,-118.430656,"55,194","11,248.68",#499,499, California
45219,Cincinnati,39.126792,-84.512242,"17,326","11,248.05",#500,500, Ohio
